x,count,p_observed
0,3865,0.19325
1,6484,0.3242
2,5210,0.2605
3,2765,0.13825
4,1195,0.05975
5,353,0.01765
6,103,0.00515
7,21,0.00105
8,2,0.0001
9,2,0.0001
10,0,0
